STATE,Census Region,1967,1968,1969,1970,1971,1972,1973,1974,1975,1976,1977,1978,1979,1980,1981,1982,1983,1984,1985,1986,1987,1988,1989,1990,1991,1992,1993,1994,1995,1996,1997,1998,1999,2000,2001,2002,2003,2004,2005,2006,2007,2008,2009,2010,2011,2012,2013,2014,2015,2016,2017,2018,2019,2020,2021
Alabama beer consumption,East South Central,827822.0,922844.0,1006303.0,1067663.0,1212832.0,1378047.0,1490404.0,1605459.0,1717319.0,1773926.0,2010229.0,2042449.0,2082653.0,2054313.0,2205510.0,2198152.0,2259208.0,2318552.0,2420441.0,2517748.0,2552770.0,2569459.0,2583597.0,2613617.0,2646319.0,2722770.0,2746929.0,2847290.0,2820439.0,2888198.0,2891862.0,2970376.0,3002112.0,3028088.0,3013532.0,3057888.0,3115154.86,3205217.15,3207970.65,3319531.98,3415002.88,3459771.77,3414775.07,3381688.71,3400004.02,3425053.58,3293704.39,3371116.66,3369809.95,3461017.89,3347871.51,3302443.51,3393539.05,3423468.21,2012568.24
Alaska beer consumption,Pacific,133624.0,136228.0,151792.0,173277.0,204375.0,194788.0,208162.0,245107.0,286459.0,307891.0,300166.0,298997.0,316992.0,333883.0,377347.0,409609.0,448564.0,457636.0,461254.0,474547.0,452933.0,442221.0,439485.0,471201.0,464777.0,487810.0,451181.0,482039.0,477539.0,439107.0,453518.0,465048.0,486634.0,466229.0,479692.0,495822.0,428056.42,451830.83,493340.48,500496.86,487329.41,468703.58,428023.97,454629.33,466153.21,475298.39,485976.06,475982.56,488036.46,463118.77,451001.53,458445.44,461378.62,443728.8,271546.01
Arizona beer consumption,Mountain,952436.0,1023691.0,1146830.0,1245288.0,1349576.0,1546738.0,1721926.0,1877055.0,1923981.0,2026011.0,2162831.0,2294570.0,2505922.0,2627307.0,2825035.0,2786982.0,2804068.0,2938984.0,3066034.0,3239554.0,3255640.0,3299231.0,3328424.0,3383843.0,3386594.0,3467000.0,3571600.0,3573400.0,3703964.0,3933277.0,3948730.0,4000034.0,4246358.0,4287390.0,4433682.0,4449281.0,4432752.58,4612085.94,4595972.71,4825856.87,4845440.24,4708088.17,4613048.51,4476623.39,4390247.92,4436917.28,4435945.85,4489323.23,4347616.23,4393368.81,4372726.11,4428542.67,4436160.52,4768601.09,2775611.81
Arkansas beer consumption,West South Central,569214.0,645520.0,681061.0,721868.0,807100.0,826266.0,901498.0,997282.0,1024638.0,1008464.0,1100361.0,1179469.0,1181890.0,1291071.0,1363009.0,1325065.0,1345275.0,1356909.0,1379848.0,1427635.0,1460059.0,1458222.0,1475361.0,1511703.0,1522222.0,1550956.0,1544300.0,1556600.0,1551693.0,1623274.0,1611266.0,1662084.0,1676132.0,1697506.0,1686289.0,1694445.0,1709626.09,1760665.6,1735669.69,1771838.87,1770220.2,1857114.69,1810649.47,1795441.26,1783278.3,1800387.16,1779500.1,1721807.69,1688228.24,1674784.86,1674552.01,1647806.04,1647861.83,1705637.76,1071823.51
California beer consumption,Pacific,10110919.0,10600938.0,11115257.0,11730448.0,12270878.0,12965419.0,13466541.0,14975390.0,15045832.0,16028042.0,16831098.0,17972704.0,18964257.0,19538050.0,20095725.0,19690171.0,20036505.0,20631598.0,20374349.0,21507333.0,21548265.0,21717529.0,22215878.0,22893592.0,21855794.0,21269701.0,20924301.0,20490547.0,20058944.0,19661975.0,20247745.0,20339789.0,20581191.0,20551239.0,20690116.0,20831244.11,20712307.93,21699836.13,21758736.9,23028755.09,23204529.12,23583042.38,22958866.41,22659198.71,23129365.42,22617857.52,22776603.68,23532173.64,23729987.74,23499163.1,23545247.55,23210999.77,23098120.58,22986794.48,13192571.06
Colorado beer consumption,Mountain,1035278.0,1118973.0,1225980.0,1359510.0,1463181.0,1627217.0,1784907.0,1940711.0,1998908.0,2089141.0,2123007.0,2250008.0,2453077.0,2589336.0,2734603.0,2703149.0,2679570.0,2632894.0,2626720.0,2687309.0,2637555.0,2575069.0,2556034.0,2571867.0,2564650.0,2647592.0,2698728.0,2705902.0,2856066.0,3052332.0,3010554.64,3180221.0,3243356.0,3339663.0,3564175.0,3534110.0,3355374.7,3484452.11,3484548.73,3515522.44,3614622.9,3644188.46,3558410.95,3554829.06,3572266.75,3628448.64,3694748.06,3742103.29,3663262.45,3820843.94,3794838.0,3910645.19,3984180.55,3927696.1,2540093.61
Connecticut beer consumption,New England,1529698.0,1548398.0,1579586.0,1602579.0,1625187.0,1589750.0,1715717.0,1766254.0,1814020.0,1801167.0,1867608.0,1930891.0,2035494.0,1911329.0,1916055.0,1951091.0,2041826.0,2063335.0,2131896.0,2126877.0,2181136.0,2157575.0,2069616.0,2104449.0,1988003.0,1939380.0,1887604.0,1893136.0,1862562.0,1818366.0,1840482.0,1873410.0,1886584.0,1854550.0,1887492.0,1915637.0,1898191.24,1889112.95,1850876.07,1905220.64,1929250.64,1944954.45,1879768.84,1912545.1,1872644.61,1901859.16,1799643.61,1806860.61,1821789.16,1830490.06,1767511.68,1739101.39,1743333.03,1713190.77,1008991.55
Delaware beer consumption,South Atlantic,301858.0,308842.0,330497.0,331077.0,353163.0,365758.0,373189.0,383620.0,391140.0,401119.0,429982.0,438314.0,456211.0,490368.0,518111.0,530032.0,539208.0,525733.0,526566.0,530565.0,538431.0,547119.0,540927.0,555335.0,547158.0,559350.0,591104.0,588993.0,548522.0,575431.0,588113.0,600080.0,615114.0,617937.0,639343.0,647447.0,657736.0,688562.0,707143.0,723941.0,736398.0,723426.0,711442.0,725442.0,727265.0,727676.0,705667.0,691061.0,687772.0,694311.0,687425.0,658473.36,659819.21,669495.1,404716.0
District of Columbia beer consumption,South Atlantic,595433.0,592550.0,587207.0,577006.0,567641.0,553701.0,569750.0,560974.0,550627.0,532002.0,541655.0,553844.0,560749.0,539928.0,591452.0,559383.0,577648.0,586560.0,542919.0,562700.0,546000.0,529800.0,523800.0,523400.0,516300.0,577300.0,546000.0,528100.0,522003.0,474287.0,474297.0,464557.0,467440.0,465423.0,442054.0,430607.0,421292.14,426415.77,442377.08,439643.17,441544.97,440468.11,415830.63,421746.23,429298.29,449507.55,446013.35,454558.92,457099.54,447937.96,438529.33,413404.91,408754.34,324804.11,205000.0
Florida beer consumption,South Atlantic,3152672.0,3315822.0,3627035.0,4039606.0,4624035.0,5142264.0,5781948.0,6269260.0,6470064.0,6444764.0,6826822.0,7613831.0,8703815.0,9240708.0,9306948.0,9576431.0,9877123.0,10282598.0,10617253.0,11127472.0,11468780.0,11273284.0,11533935.0,11703197.0,11552027.0,11615425.0,11495096.0,11626428.0,11603750.0,11760237.0,11914737.0,11834300.0,12027500.0,12236618.0,12422344.0,12814818.05,13461923.0,13882667.78,14084997.32,14159580.03,14041302.69,13819232.93,13465926.89,12869196.25,12962102.3,13058384.92,13148507.23,13337874.09,13600061.82,13672863.42,13659100.34,13468065.39,13377320.85,13729020.39,8810297.18
Georgia beer consumption,South Atlantic,1339546.0,1504451.0,1706150.0,1873828.0,2092872.0,2249395.0,2377670.0,2574118.0,2558231.0,2651616.0,2932313.0,3186353.0,3320602.0,3431052.0,3621596.0,3687654.0,3850457.0,4006928.0,4127697.0,4344437.0,4466362.0,4432319.0,4472477.0,4668307.0,4520952.0,4710409.0,4850995.0,4889034.0,4986825.0,5207611.0,5218977.0,5409067.0,5622317.0,5711652.0,5695324.0,5801887.0,5716325.8,5894157.5,5815383.2,6071671.9,6099287.7,6133016.4,5948057.8,5775442.6,5707699.6,5785422.0,5814617.0,5864447.66,5782000.0,5980000.0,5793000.0,5738000.0,5755000.0,5753000.0,3375000.0
Hawaii beer consumption,Pacific,337700.0,383400.0,370300.0,440000.0,475000.0,515000.0,560000.0,610000.0,703000.0,720000.0,790000.0,690000.0,810000.0,891000.0,955900.0,1004800.0,903200.0,961400.0,941761.0,960723.0,962968.0,1006375.0,972182.0,1047404.0,1018177.0,1023968.0,994987.0,968096.0,941997.0,974098.0,952026.0,927242.0,920948.0,942053.0,939113.0,951495.0,966926.48,976815.42,988526.48,989931.0,1006561.97,1009966.52,992500.0,984000.0,985000.0,1018000.0,1021000.0,1041000.0,1013000.0,1057000.0,1031000.0,1027000.0,1014000.0,918000.0,532000.0
Idaho beer consumption,Mountain,354798.0,368341.0,401877.0,439844.0,480104.0,531138.0,562435.0,621051.0,647269.0,683223.0,699579.0,716809.0,754701.0,773489.0,788854.0,754523.0,758753.0,748455.0,722744.0,726649.0,708772.0,681420.0,706934.0,743472.0,745536.0,777637.0,771400.0,783500.0,759519.0,789581.0,784595.0,809559.0,835005.0,846953.0,888741.0,911876.0,929273.16,939860.97,934764.09,989355.78,1023282.16,1046606.52,1036503.76,1021510.22,989408.1,987314.32,994608.38,991667.36,1005341.74,1015586.28,1017609.58,1032046.87,1005175.0,1054464.78,655488.61
Illinois beer consumption,East North Central,6651330.0,6783302.0,6805469.0,7102911.0,7243833.0,7244829.0,7360054.0,7741363.0,8022413.0,8153082.0,8433442.0,8693847.0,9128366.0,9206604.0,9303733.0,9166614.0,9275229.0,9146725.0,9043899.0,9204356.0,9369026.0,9367431.0,9176132.0,9486982.0,9067099.0,8927691.0,8882737.0,8954755.0,8853579.0,8761963.0,8779305.44,8936316.0,9017249.0,9038323.0,9155381.0,9268188.0,9108157.05,9032851.07,9063266.56,9153674.68,9209717.78,8999623.53,8803856.05,8842589.7,8580605.85,8708195.11,8507507.31,8468710.36,8609503.44,8581524.11,8362464.34,8205883.21,8087252.7,7802988.26,4614393.85
Indiana beer consumption,East North Central,2487132.0,2563651.0,2643365.0,2711024.0,2771217.0,2796440.0,2871574.0,2889810.0,3018398.0,3169047.0,3370110.0,3592550.0,3684756.0,3874415.0,3948031.0,3973009.0,3935024.0,3908499.0,3894918.0,3914666.0,3900670.0,3923213.0,3883091.0,4008507.0,3905111.0,3783514.0,3771911.0,3823111.0,3767912.0,3825685.0,3844952.0,3846528.0,3925908.0,3954209.0,3947446.0,4021685.0,3905265.22,3993643.0,3998855.0,4011813.53,4164991.37,4154936.33,4061101.31,4005194.37,3851376.14,3866077.0,3759797.0,3660010.0,3668939.0,3673585.0,3628904.0,3781080.44,3771890.34,3739173.1,2232462.88
Iowa beer consumption,West North Central,1445053.0,1478207.0,1505892.0,1622377.0,1674268.0,1713528.0,1810673.0,1967654.0,2019396.0,2064381.0,2173983.0,2311041.0,2330946.0,2317271.0,2330934.0,2287884.0,2307777.0,2239938.0,2128498.0,2142039.0,2110311.0,2096585.0,2084008.0,2114019.0,2116941.0,2113969.0,2088186.0,2126174.0,2073476.0,2124742.0,2138501.0,2221431.0,2265235.0,2298817.0,2295235.0,2349692.0,2364617.2,2398203.23,2392252.36,2397026.89,2411203.13,2482508.36,2513061.45,2481839.97,2404765.23,2419031.83,2394520.06,2385580.21,2379423.57,2389414.4,2322892.29,2299000.0,2225403.72,2302356.73,1365270.67
Kansas beer consumption,West North Central,819385.0,896909.0,950725.0,1027487.0,1085350.0,1150380.0,1220335.0,1364871.0,1435054.0,1468727.0,1509745.0,1527473.0,1602179.0,1655966.0,1676291.0,1661895.0,1643309.0,1631837.0,1591637.0,1578465.0,1577371.0,1550036.0,1571776.0,1575068.0,1608711.0,1561500.0,1580300.0,1602500.0,1563157.0,1570899.0,1645056.0,1658955.0,1739534.0,1768782.0,1754316.0,1821692.0,1852806.17,1854113.57,1836844.93,1813823.18,1883334.18,1898966.91,1945134.59,1886675.14,1798709.68,1842655.56,1779779.39,1830663.8,1815031.54,1764264.88,1752055.2,1698348.0,1728642.52,1876509.02,1082848.27
Kentucky beer consumption,East South Central,1392514.0,1435732.0,1491753.0,1583194.0,1681907.0,1745140.0,1804698.0,1839393.0,1942907.0,1918757.0,2282430.0,1941685.0,2164346.0,2189037.0,2317869.0,2350475.0,2337445.0,2222430.0,2270089.0,2312811.0,2286983.0,2296991.0,2196747.0,2388064.0,2323392.0,2296600.0,2364200.0,2418300.0,2352209.0,2388707.0,2426649.0,2460388.0,2492168.0,2517894.0,2486731.0,2564013.0,2490927.92,2591948.74,2555739.29,2574300.51,2638470.05,2625937.9,2659195.97,2595554.03,2405250.81,2509429.84,2508505.24,2478202.02,2620447.58,2565939.52,2488162.1,2409386.29,2450445.97,2457512.5,1601089.11
Louisiana beer consumption,West South Central,1898640.0,1971179.0,2085550.0,2212185.0,2216915.0,2348730.0,2440509.0,2554648.0,2629832.0,2634864.0,2742770.0,2896108.0,2998321.0,3170830.0,3484798.0,3549714.0,3467660.0,3429037.0,3324469.0,3442189.0,3492500.0,3501043.0,3448225.0,3592736.0,3573467.0,3691490.0,3672573.0,3776684.0,3698707.0,3723491.0,3744104.0,3769572.0,3883523.0,3820258.0,3771815.0,3788468.0,3794424.88,3702687.25,3687426.91,3813374.51,3809992.81,3849481.8,3726926.9,3617305.14,3561686.11,3600357.24,3517965.48,3489019.79,3410789.88,3308995.16,3208209.32,3091352.32,3026406.1,3111178.14,1774921.65
Maine beer consumption,New England,549128.0,576851.0,608640.0,644534.0,684056.0,720879.0,755829.0,794775.0,835958.0,837239.0,845385.0,799242.0,826375.0,839745.0,842672.0,848409.0,864691.0,825877.0,833153.0,846997.0,863841.0,890456.0,857802.0,874938.0,854679.0,830174.0,821876.0,803242.0,844990.0,852794.0,843055.0,840194.0,862728.0,882900.0,912498.0,937572.0,965241.8,987623.87,987453.9,1005031.71,1042813.52,1040538.32,1118840.45,1119219.68,1140433.21,1124548.31,1127899.7,1114153.08,1128145.75,1119365.2,1127000.0,1130000.0,1119000.0,1105000.0,649000.0
Maryland beer consumption,South Atlantic,2364883.0,2419124.0,2509599.0,2664569.0,2703598.0,2701024.0,2832948.0,2979180.0,3060055.0,3068892.0,3160646.0,3224486.0,3286364.0,3422178.0,3415540.0,3413912.0,3458721.0,3374904.0,3388029.0,3450663.0,3462708.0,3439465.0,3440640.0,3358317.0,3202586.0,3116511.0,3127495.0,3109113.0,3077410.0,3052481.0,3090912.0,3127789.0,3141977.0,3153355.0,3272814.0,3326352.0,3261516.35,3313574.55,3312452.64,3353809.27,3365530.27,3327895.54,3233505.86,3248844.63,3165375.2,3212536.25,3128931.95,3050634.12,3004001.72,2970064.62,2907166.28,2809628.37,2807982.42,2861301.78,1568000.0
Massachusetts beer consumption,New England,3109319.0,3220168.0,3334369.0,3472743.0,3551944.0,3657069.0,3989286.0,4206100.0,4294783.0,4252584.0,4420719.0,4622643.0,4774507.0,4978869.0,4975423.0,4816175.0,4651008.0,4559707.0,4579881.0,4635385.0,4609630.0,4626204.0,4495685.0,4465982.0,4228024.0,4090013.0,4094716.0,4147330.0,4069013.0,4099203.0,4077238.0,4075482.0,4102540.0,4166772.0,4257443.0,4274961.0,4172139.43,4217108.0,4110770.0,4135050.0,4262920.0,4205686.0,4077731.0,4122287.0,4079190.0,4169574.0,4159650.0,4049174.0,4021324.23,3996995.83,3932556.8,3829608.29,3897556.3,3578985.96,2128160.02
Michigan beer consumption,East North Central,5804709.0,5993399.0,6025249.0,6256847.0,6300898.0,6495573.0,6764110.0,6843313.0,7043665.0,7125993.0,7284385.0,7292335.0,7026793.0,6939045.0,6900981.0,6925957.0,6900471.0,6789464.0,6760524.0,6932633.0,6936720.0,6924063.0,6799927.0,7041665.0,6930769.0,6756725.0,6794232.0,6667062.0,6625566.0,6677082.0,6537630.0,6735381.0,6718333.0,6761561.0,6695665.0,6854064.0,6774702.0,6746578.0,6700174.0,6577607.0,6528897.0,6577491.0,6417882.0,6299288.0,6211526.0,6260852.0,6183796.0,6160260.0,6133075.0,6084421.0,5992721.0,5883000.0,5768000.0,5683000.0,3348000.0
Minnesota beer consumption,West North Central,1941918.0,2003785.0,2087949.0,2235089.0,2315437.0,2299868.0,2532289.0,2713965.0,2790318.0,2854981.0,2897665.0,2962157.0,3104680.0,3209514.0,3233737.0,3190257.0,3225535.0,3161515.0,3110799.0,3130368.0,3180426.0,3180299.0,3163806.0,3269470.0,3238586.0,3172906.0,3195634.0,3309371.0,3281992.0,3367882.0,3355943.0,3488472.0,3488651.0,3588539.0,3560077.0,3646411.0,3632318.7,3656843.31,3519541.86,3535077.3,3589908.38,3567333.88,3538731.77,3550253.06,3495149.12,3718140.24,3623949.96,3577933.85,3719878.42,3730426.97,3739396.73,3763247.7,3715584.51,3627527.0,2260000.0
Mississippi beer consumption,East South Central,680323.0,752063.0,874641.0,924140.0,1050529.0,1118174.0,1182685.0,1253823.0,1258503.0,1278188.0,1373006.0,1497681.0,1499791.0,1544576.0,1638033.0,1644740.0,1673617.0,1685509.0,1735635.0,1819962.0,1826090.0,1851324.0,1827325.0,1931322.0,1914958.0,1984267.0,2041311.0,2105074.0,2084650.0,2130864.0,2153067.0,2215678.0,2317472.0,2316864.0,2288731.0,2310293.0,2313373.01,2289031.76,2331674.41,2377869.98,2406515.69,2413764.29,2358910.35,2319457.05,2277371.79,2300736.52,2278212.0,2247806.0,2237337.55,2227663.95,2147000.0,2130564.34,2073110.12,2196407.88,1269325.6
Missouri beer consumption,West North Central,2504326.0,2594717.0,2710684.0,2804508.0,2879135.0,2908334.0,2992942.0,3104601.0,3219165.0,3218178.0,3391605.0,3638299.0,3815825.0,3904116.0,3953361.0,3894340.0,3887027.0,3836625.0,3847366.0,3948606.0,3979650.0,3914827.0,3930782.0,4008145.0,3968451.0,3977075.0,3989337.0,4115055.0,4029618.0,4072706.0,4087072.0,4174257.0,4267708.0,4333699.0,4341635.0,4396761.0,4382043.14,4432523.52,4393560.42,4458779.27,4532463.61,4530683.26,4522553.58,4454255.16,4337706.64,4362037.48,4230098.42,4177856.06,4148000.0,4129313.53,4050305.55,3947761.51,3957315.0,3951048.65,2300389.29
Montana beer consumption,Mountain,492787.0,484354.0,499371.0,554161.0,578905.0,580261.0,644850.0,698653.0,683666.0,742464.0,767668.0,800444.0,817078.0,799565.0,839780.0,812897.0,813898.0,781366.0,739782.0,723134.0,710239.0,717297.0,706960.0,717112.0,730972.0,736115.0,710159.0,733644.0,743788.0,757773.0,766481.0,777199.0,808621.0,814751.0,854178.0,854916.0,897986.1,903094.93,900780.18,949112.72,970107.35,993495.53,989020.0,971947.0,955633.0,978977.26,981275.73,982221.84,1004759.24,1001477.0,1014502.0,1060650.2,1035074.0,1074388.0,657251.15
Nebraska beer consumption,West North Central,874567.0,910078.0,952437.0,1005899.0,1080889.0,1036264.0,1127492.0,1164956.0,1175804.0,1207458.0,1272575.0,1325557.0,1351981.0,1396859.0,1406589.0,1344287.0,1342537.0,1315382.0,1271896.0,1265299.0,1272701.0,1254699.0,1252670.0,1280624.0,1267475.0,1251580.0,1261438.0,1291768.0,1271740.0,1298519.0,1302932.0,1356782.0,1393517.0,1399454.0,1426413.0,1433191.0,1420820.61,1452782.74,1427389.06,1444537.26,1472261.71,1509416.29,1479648.06,1484111.58,1442291.06,1487656.94,1455488.97,1477657.19,1359939.29,1484910.68,1463963.74,1431041.0,1423642.68,1406452.61,842614.16
Nevada beer consumption,Mountain,346589.0,370100.0,406290.0,439345.0,467497.0,512273.0,564291.0,614123.0,641922.0,687505.0,735827.0,823667.0,913536.0,950971.0,1012485.0,1003595.0,1034688.0,1030898.0,1076433.0,1159059.0,1223840.0,1335241.0,1447641.0,1557800.0,1560914.0,1558500.0,1574600.0,1651700.0,1705384.0,1821306.0,1860834.1,1908351.0,2008641.0,2066301.0,2142150.0,2155301.0,2254125.11,2330925.96,2353411.4,2484738.42,2503331.5,2500901.65,2378875.06,2337629.06,2288763.9,2302337.94,2289177.84,2340646.08,2340848.49,2327489.9,2352772.1,2365683.17,2377676.98,2187700.84,1337522.82
New Hampshire beer consumption,New England,511390.0,540740.0,592590.0,647697.0,716117.0,737962.0,814261.0,867938.0,865451.0,867809.0,896551.0,972115.0,993979.0,1012496.0,1009713.0,1032301.0,1196381.0,1123296.0,1150351.0,1148260.0,1181650.0,1192556.0,1188975.0,1176437.0,1174292.0,1153914.0,1174591.0,1120988.0,1149340.0,1165258.0,1182638.0,1193089.0,1234355.0,1270415.0,1279246.0,1285997.0,1293345.15,1317878.0,1313267.0,1334018.0,1354863.0,1340781.0,1363911.0,1386944.0,1354674.28,1397739.71,1367298.97,1383870.85,1400017.0,1366533.0,1358143.78,1331517.92,1324092.27,1416482.52,830000.0
New Jersey beer consumption,Mid Atlantic,4208441.0,4314889.0,4374093.0,4462008.0,4514898.0,4436343.0,4629351.0,4680859.0,4712090.0,4645733.0,4689443.0,4872529.0,4981470.0,5235870.0,5311114.0,5260353.0,5265137.0,5223924.0,5210954.0,5276251.0,5313795.0,5204495.0,5112422.0,5240440.0,4984740.0,4895884.0,4924037.0,4831298.0,4803697.0,4709546.0,4682021.0,4672682.0,4657493.0,4673887.0,4833256.0,4852477.0,4736193.13,4811389.77,4822568.55,4887247.64,4757423.93,4779659.58,4668612.77,4758292.61,4589714.45,4613017.77,4522253.77,4512917.16,4557204.23,4543072.36,4442360.1,4342674.68,4408167.29,4283666.39,2515000.0
New Mexico beer consumption,Mountain,490048.0,530017.0,568613.0,602083.0,664940.0,750466.0,770318.0,893691.0,901262.0,974465.0,1055548.0,1077291.0,1130554.0,1144965.0,1233453.0,1234148.0,1313598.0,1299542.0,1344533.0,1332076.0,1345244.0,1326207.0,1375891.0,1330644.0,1355034.0,1363874.0,1373900.0,1353900.0,1450831.0,1502050.0,1505654.96,1501995.0,1559661.0,1575664.0,1601239.0,1611664.0,1632266.22,1608582.87,1557761.45,1625172.12,1618664.87,1662150.48,1614745.5,1575516.19,1544380.92,1551901.73,1487647.55,1516011.94,1480246.92,1415605.66,1408223.16,1393792.96,1367116.52,1383472.07,799000.0
New York beer consumption,Mid Atlantic,11050565.0,11043124.0,11385811.0,11536043.0,11536962.0,11415917.0,11580686.0,11752823.0,11708978.0,11405377.0,11987840.0,11978349.0,12451346.0,12610539.0,12760787.0,12907687.0,12696278.0,11874552.0,11910116.0,11659539.0,12005970.0,11979408.0,11593495.0,11856992.0,11435960.0,11010000.0,10600000.0,10455000.0,10406157.0,10335811.0,10096516.87,10182484.0,10126253.0,10164810.0,10708066.0,10506744.0,10436243.0,10294419.44,10398721.65,10527938.74,10582617.62,10740761.67,10480686.95,10671561.62,10674979.35,10884229.43,10815700.18,10760044.17,10746574.24,10744481.89,10563994.54,10308859.61,10278339.9,9549127.68,5804289.94
North Carolina beer consumption,South Atlantic,1446561.0,1573485.0,1751809.0,1915663.0,2135574.0,2247874.0,2495306.0,2740364.0,2845519.0,2997846.0,3221317.0,3400574.0,3488790.0,3680615.0,3720468.0,3683335.0,3854124.0,3931384.0,3974657.0,4091630.0,4128686.0,4201459.0,4300448.0,4473454.0,4388994.0,4575616.0,4674133.0,4751892.0,4753703.0,4981624.0,5105518.0,5126684.0,5335422.0,5590081.0,5683646.0,5879128.0,5763836.7,5929747.03,5957999.52,6139983.92,6048880.6,6183784.33,6040553.5,6109484.17,6072168.51,6132485.91,6093715.94,6109140.26,6021265.39,6174013.1,6065167.97,6253105.16,6298678.61,6544547.97,3774278.26
North Dakota beer consumption,West North Central,341832.0,355269.0,367297.0,388313.0,413910.0,425764.0,434947.0,457401.0,480428.0,500784.0,497955.0,513807.0,540776.0,558914.0,573282.0,573808.0,566924.0,531059.0,510735.0,503385.0,504358.0,519238.0,522487.0,549071.0,535014.0,521437.0,523674.0,531467.0,527177.0,551996.0,546493.0,559652.0,559304.0,572588.0,611745.0,618690.0,635017.48,623772.12,643783.59,660221.08,629282.9,628377.32,630985.82,649647.28,672912.03,750449.82,750616.18,755514.27,717451.27,683988.12,676015.06,667015.56,667638.61,667014.86,409000.0
Ohio beer consumption,East North Central,6257706.0,6374712.0,6380476.0,6768702.0,6765139.0,6735061.0,7023224.0,7061028.0,7285026.0,7329794.0,7606493.0,7815794.0,8202682.0,8477433.0,8218852.0,8548781.0,8286726.0,8629925.0,8384943.0,8114926.0,8330223.0,8313022.0,8409528.0,8354191.0,8325390.0,8190261.0,8216177.0,8238399.0,8203797.0,8406418.0,8296894.0,8550931.0,8592717.0,8493144.0,8601604.0,8682331.0,8760271.56,8702382.0,8584282.95,8614876.0,8722709.0,8671658.0,8549774.0,8404721.0,8200580.0,8129774.0,8211421.0,7960443.0,7892666.0,7818652.0,7679223.0,7478827.0,7393000.0,7133000.0,4190000.0
Oklahoma beer consumption,West South Central,829980.0,912945.0,988953.0,1070982.0,1129034.0,1233706.0,1323987.0,1429959.0,1476460.0,1550464.0,1718308.0,1756830.0,1809879.0,1930287.0,2076811.0,2120445.0,1963095.0,1892155.0,1922437.0,1947210.0,1922297.0,1912636.0,1915980.0,1994090.0,2021792.0,2062671.0,2087090.0,2145277.0,2111580.0,2118362.0,2149164.0,2200799.0,2265363.0,2213729.0,2270776.0,2207627.0,2256670.31,2282280.92,2268256.83,2359253.0,2405497.21,2494793.59,2469881.93,2466610.39,2487956.62,2484158.54,2389650.16,2353853.16,2339745.77,2338943.54,2281826.07,2231986.58,2233943.22,2476844.14,1454494.26
Oregon beer consumption,Pacific,1124917.0,1142014.0,1222623.0,1316054.0,1401063.0,1472592.0,1490329.0,1583312.0,1633866.0,1700976.0,1790674.0,1865927.0,1990400.0,2046810.0,2071822.0,2001321.0,1982477.0,1947142.0,1912661.0,1959921.0,1985119.0,2021475.0,2048842.0,2148886.0,2139880.0,2200299.0,2174662.0,2205564.0,2230889.0,2302580.0,2281990.0,2339624.0,2384037.0,2391559.0,2469800.0,2500789.0,2536123.48,2558021.23,2657610.3,2759511.72,2858653.94,2824071.51,2893614.1,2844297.98,2776801.35,2824541.11,2802311.24,2935568.44,2949636.02,3036273.06,3078199.34,3079919.09,3058409.15,2890807.24,1671303.62
Pennsylvania beer consumption,Mid Atlantic,7529669.0,7767183.0,7865519.0,8011010.0,8173039.0,8228207.0,8441064.0,8566101.0,8838613.0,8852639.0,9067736.0,9217127.0,9617654.0,9950346.0,9808545.0,9938605.0,9775562.0,9573351.0,9509800.0,9671224.0,9674586.0,9776922.0,9552763.0,9878671.0,9499264.0,9106623.0,9220961.0,9083249.0,8703058.0,8694910.0,8576348.0,8678532.0,8642803.0,8709865.0,8859097.0,8976351.34,8651389.35,8601724.98,8579334.12,8680290.89,9106706.1,8963291.79,8756210.6,8894102.47,8832362.28,8766837.3,8515212.2,8472949.71,8310385.29,8363058.42,8195584.68,8084254.03,8121662.26,7761038.47,4679000.0
Rhode Island beer consumption,New England,614272.0,629241.0,642701.0,656780.0,667415.0,715669.0,706380.0,716235.0,731536.0,726925.0,739543.0,755202.0,788245.0,808946.0,758991.0,755906.0,832251.0,779184.0,802597.0,817599.0,813721.0,811352.0,799467.0,777835.0,785963.0,734964.0,720268.0,698536.0,707627.0,691873.0,729011.0,689391.0,696935.0,707004.0,731054.0,732019.0,720813.54,715912.25,690237.25,689483.62,685932.29,687149.68,674184.98,683089.69,663765.79,661951.86,640955.71,650330.75,625261.26,603228.18,598903.42,586032.74,562014.98,521813.68,306000.0
South Carolina beer consumption,South Atlantic,823044.0,934589.0,993529.0,1061194.0,1177357.0,1293140.0,1431475.0,1570194.0,1643938.0,1720139.0,1847673.0,1968419.0,2015891.0,2118190.0,2206267.0,2216481.0,2299529.0,2341645.0,2385989.0,2493617.0,2601412.0,2680034.0,2722189.0,2876440.0,2731242.0,2766700.0,2846100.0,2922700.0,2945384.0,3028173.0,3103436.0,3202145.0,3283276.0,3358582.0,3394895.0,3466761.0,3445413.47,3570443.76,3512253.69,3689408.89,3656458.74,3726460.22,3685083.53,3617174.36,3627171.02,3631748.24,3631917.44,3640816.19,3649456.77,3738000.0,3711000.0,3665000.0,3776948.03,4086418.52,2385000.0
South Dakota beer consumption,West North Central,279548.0,294418.0,304533.0,322343.0,344691.0,368588.0,378999.0,394383.0,406638.0,429302.0,442818.0,460505.0,473318.0,500238.0,502204.0,494681.0,504571.0,494934.0,477424.0,484218.0,490799.0,483977.0,499113.0,525004.0,532661.0,541956.0,542212.0,565496.0,557055.0,573844.0,573406.0,601786.0,611442.0,624155.0,635478.0,656514.0,662120.73,681900.28,676936.8,690217.1,704960.34,710730.4,719902.25,718867.43,710723.36,742952.3,736456.76,760020.83,761107.85,768000.0,764000.0,766000.0,751000.0,768000.0,475000.0
Tennessee beer consumption,East South Central,1393208.0,1531369.0,1678186.0,1814187.0,2005796.0,2111774.0,2285727.0,2414669.0,2511299.0,2503183.0,2644973.0,2823287.0,2827298.0,2863139.0,2983201.0,2981338.0,2943934.0,2990920.0,3045632.0,3238195.0,3286003.0,3395723.0,3358722.0,3438345.0,3414707.0,3516164.0,3556317.0,3581711.0,3620465.0,3692504.0,3695130.0,3845871.0,3952732.0,4001309.0,3892474.0,3985092.0,4027047.71,4155045.78,4055231.72,4130983.14,4194909.95,4114563.55,4026751.41,3953793.64,3882163.66,3960792.62,3872602.86,3937553.98,3956468.82,4040894.87,3907905.69,3926210.26,3968052.13,3991961.3,2425384.73
Texas beer consumption,West South Central,6309885.0,6801283.0,7300428.0,7616939.0,8166794.0,8606301.0,9108204.0,9844656.0,10378631.0,10684911.0,11692486.0,12221705.0,13088829.0,13830998.0,15177363.0,15343415.0,15079432.0,15355576.0,15367855.0,15626093.0,14894057.0,14953130.0,15134123.0,15596032.0,15516307.0,16209481.0,16338224.0,16767609.0,16374412.0,16749947.0,16943907.0,17147913.0,17981159.0,17966620.0,18111647.0,18244864.0,18346744.49,18387719.16,18315480.2,18767958.19,18922879.1,19850555.77,19639433.93,19361420.61,19497727.55,19949354.58,19584472.48,19652623.1,19932303.1,20364994.26,20202010.77,19990345.48,20463325.03,21293204.26,12486450.81
Utah beer consumption,Mountain,314917.0,318776.0,352613.0,394046.0,418094.0,449023.0,481270.0,536570.0,549856.0,588160.0,631207.0,644306.0,671101.0,705870.0,765698.0,780221.0,702679.0,714491.0,730842.0,735226.0,704849.0,696263.0,699342.0,705141.0,731985.0,758125.0,774765.0,792202.0,779069.0,842851.0,861515.0,852191.0,937798.0,928923.0,956427.0,962801.0,958701.0,990159.15,972758.0,1020596.0,1139661.0,1165374.0,1114008.0,1103305.0,1111475.0,1196412.55,1184990.98,1153015.35,1182607.35,1192944.35,1229062.66,1212952.23,1279952.19,1404081.06,827000.0
Vermont beer consumption,New England,275680.0,290592.0,306534.0,319547.0,357506.0,372541.0,359430.0,349376.0,364769.0,374342.0,380588.0,412078.0,418626.0,414979.0,436073.0,437168.0,457840.0,449766.0,458605.0,482044.0,491262.0,486260.0,474833.0,473738.0,457707.0,440312.0,441089.0,436227.0,429889.0,442189.0,426972.0,435966.0,435342.0,440506.0,449481.0,455395.0,462872.9,465616.93,465345.08,469958.58,480925.85,479809.64,517556.18,528469.12,522786.77,534523.52,545015.31,524905.78,520463.37,508785.84,503550.65,516794.26,510058.7,525349.96,317701.16
Virginia beer consumption,South Atlantic,2078238.0,2219413.0,2448416.0,2727518.0,2628154.0,2501109.0,2722120.0,2961939.0,3126816.0,3171956.0,3413888.0,3571379.0,3669195.0,3763737.0,3843001.0,3922228.0,4027216.0,4076753.0,4119802.0,4377802.0,4478000.0,4523000.0,4642900.0,4785500.0,4662000.0,4635700.0,4640900.0,4577200.0,4450301.0,4429702.0,4458696.0,4697874.0,4871009.0,4862375.0,4899764.0,4961356.0,4976017.85,5043737.77,5068940.48,5175835.39,5305076.93,5251799.58,5213698.39,5190585.84,5098090.39,5108357.58,5064578.71,5016395.26,5031319.0,5047798.55,4924476.39,4929073.03,4971323.29,4982101.0,2915650.77
Washington beer consumption,Pacific,1802229.0,1926123.0,2064296.0,2156079.0,2258341.0,2286921.0,2431765.0,2569740.0,2652422.0,2745993.0,2827280.0,2978560.0,3152067.0,3270749.0,3317593.0,3210648.0,3148426.0,3057865.0,3054070.0,3143589.0,3205686.0,3255916.0,3361824.0,3518284.0,3495059.0,3665089.0,3552953.0,3602716.0,3565042.0,3591150.0,3625295.0,3697645.0,3681787.0,3714436.0,3723020.0,3871310.68,3951728.8,3994960.35,4030955.26,4161166.98,4394773.3,4403963.21,4236125.3,4124636.98,3989469.66,4009276.95,4015230.57,4200122.05,4313223.5,4259349.64,4257551.94,4282753.13,4352144.83,4400922.1,2699589.17
West Virginia beer consumption,South Atlantic,698079.0,729513.0,736457.0,810216.0,844158.0,854041.0,889330.0,902069.0,928363.0,954391.0,1011931.0,1005982.0,1019166.0,1101259.0,1160195.0,1219003.0,1273318.0,1237648.0,1228798.0,1209488.0,1215429.0,1214582.0,1211011.0,1253438.0,1250624.0,1230400.0,1269300.0,1264861.0,1232200.0,1234586.0,1230480.88,1265999.0,1275708.0,1274626.0,1311838.0,1360589.0,1348526.73,1373204.51,1359230.52,1372010.64,1392130.34,1426073.94,1387900.07,1376840.6,1365147.72,1367365.52,1348420.19,1305672.9,1281764.78,1257885.42,1218208.06,1224075.97,1191657.02,1223952.22,738137.06
Wisconsin beer consumption,East North Central,3627285.0,3714367.0,3846891.0,3918890.0,4070819.0,4152428.0,4315857.0,4413150.0,4720983.0,4606814.0,4648959.0,4751652.0,5023367.0,5201131.0,5245116.0,5223612.0,5215117.0,5064211.0,4951372.0,5042143.0,4886296.0,4830932.0,4737599.0,4816526.0,4641711.0,4535099.0,4598714.0,4643580.0,4619145.0,4585892.0,4769896.0,4912088.0,4714637.0,4741019.0,4784791.0,4890122.0,4855312.83,4877661.63,4929529.0,4965142.0,4993998.38,5042825.13,4950994.45,4913368.47,4827459.61,4859589.45,4896852.19,4847484.23,4880601.28,4815399.51,4745062.09,4747024.01,4698695.83,4712091.97,2749795.07
Wyoming beer consumption,Mountain,169631.0,181087.0,198534.0,221526.0,236011.0,256444.0,290737.0,332739.0,375174.0,389643.0,399139.0,425549.0,459546.0,474590.0,507411.0,485617.0,458223.0,433646.0,426480.0,401209.0,378572.0,365237.0,352767.0,366582.0,366560.0,372046.0,367761.0,383468.0,366703.0,381669.0,380640.0,389116.0,400765.0,406568.0,416731.0,424299.0,424962.75,447515.73,429987.54,438912.53,458459.9,477597.85,452740.77,444081.13,425024.25,443659.15,444728.03,445829.56,426970.45,403172.57,397539.7,411844.37,416043.14,410361.1,259000.0
